<?xml version="1.0" encoding="UTF-8"?>
<!-- Generated by eXe - http://exelearning.net -->
<manifest identifier="eXeus_de_Milo5e39303625639781db1" 
xmlns:xsi="http://www.w3.org/2001/XMLSchema-instance" 
xmlns:adlcp="http://www.adlnet.org/xsd/adlcp_v1p3" 
xmlns:adlseq="http://www.adlnet.org/xsd/adlseq_v1p3" 
xmlns:adlnav="http://www.adlnet.org/xsd/adlnav_v1p3" 
xmlns:imsss="http://www.imsglobal.org/xsd/imsss" 
xmlns:lom="http://ltsc.ieee.org/xsd/LOM" 
xmlns:lomes="http://ltsc.ieee.org/xsd/LOM" 
xmlns="http://www.imsglobal.org/xsd/imscp_v1p1" 
xsi:schemaLocation="http://www.imsglobal.org/xsd/imscp_v1p1 imscp_v1p1.xsd http://ltsc.ieee.org/xsd/LOM lomCustom.xsd http://www.adlnet.org/xsd/adlcp_v1p3 adlcp_v1p3.xsd  http://www.imsglobal.org/xsd/imsss imsss_v1p0.xsd  http://www.adlnet.org/xsd/adlseq_v1p3 adlseq_v1p3.xsd http://www.adlnet.org/xsd/adlnav_v1p3 adlnav_v1p3.xsd"> 
<metadata> 
 <schema>ADL SCORM</schema> 
 <schemaversion>2004 4th Edition</schemaversion> 
 <adlcp:location>imslrm.xml</adlcp:location> 
</metadata> 
<organizations default="eXeus_de_Milo5e39303625639781db2">  
    <organization identifier="eXeus_de_Milo5e39303625639781db2" structure="hierarchical">
        <title>Venus de Milo</title>
<item identifier="ITEM-eXeus_de_Milo5e39303625639781db3" isvisible="true">
    <title>Venus de Milo</title>
<item identifier="ITEM-eXeus_de_Milo5e39303625639781db4" isvisible="true" identifierref="RES-eXeus_de_Milo5e39303625639781db5">
    <title>Venus de Milo</title>
</item>
<item identifier="ITEM-eXeus_de_Milo5e39303625639781db6" isvisible="true">
    <title>Historia</title>
<item identifier="ITEM-eXeus_de_Milo5e39303625639781db7" isvisible="true" identifierref="RES-eXeus_de_Milo5e39303625639781db8">
    <title>Historia</title>
</item>
<item identifier="ITEM-eXeus_de_Milo5e39303625639781dc9" isvisible="true">
    <title>Características y Análisis</title>
<item identifier="ITEM-eXeus_de_Milo5e39303625639781dca" isvisible="true" identifierref="RES-eXeus_de_Milo5e39303625639781dcb">
    <title>Características y Análisis</title>
</item>
<item identifier="ITEM-eXeus_de_Milo5e39303625639781dec" isvisible="true" identifierref="RES-eXeus_de_Milo5e39303625639781dfd">
    <title>Cuestionario</title>
</item>
  <imsss:sequencing>
    <imsss:controlMode choice="true" choiceExit="true" flow="true" forwardOnly="false"/>
  </imsss:sequencing></item>
  <imsss:sequencing>
    <imsss:controlMode choice="true" choiceExit="true" flow="true" forwardOnly="false"/>
  </imsss:sequencing></item>
  <imsss:sequencing>
    <imsss:controlMode choice="true" choiceExit="true" flow="true" forwardOnly="false"/>
  </imsss:sequencing></item>
  <imsss:sequencing>
    <imsss:controlMode choice="true" choiceExit="true" flow="true" forwardOnly="false"/>
  </imsss:sequencing>  </organization>
</organizations>
<resources>
  <resource identifier="RES-eXeus_de_Milo5e39303625639781db5" type="webcontent" adlcp:scormType="sco" href="index.html"> 
    <file href="index.html"/> 
    <file href="exe_html5.js"/>
    <file href="plincipal.jpg"/>
    <dependency identifierref="COMMON_FILES"/>
  </resource>
  <resource identifier="RES-eXeus_de_Milo5e39303625639781db8" type="webcontent" adlcp:scormType="sco" href="historia.html"> 
    <file href="historia.html"/> 
    <file href="exe_html5.js"/>
    <file href="R.jpg"/>
    <file href="audi_1.mp3"/>
    <file href="exe_media.css"/>
    <file href="exe_media.js"/>
    <file href="exe_media_background.png"/>
    <file href="exe_media_bigplay.png"/>
    <file href="exe_media_bigplay.svg"/>
    <file href="exe_media_controls.png"/>
    <file href="exe_media_controls.svg"/>
    <file href="exe_media_flashPlayer.swf"/>
    <file href="exe_media_loading.gif"/>
    <file href="exe_media_silverlightPlayer.xap"/>
    <dependency identifierref="COMMON_FILES"/>
  </resource>
  <resource identifier="RES-eXeus_de_Milo5e39303625639781dcb" type="webcontent" adlcp:scormType="sco" href="caractersticas_y_anlisis.html"> 
    <file href="caractersticas_y_anlisis.html"/> 
    <file href="exe_html5.js"/>
    <file href="2.jpg"/>
    <file href="4Thumbnail.png"/>
    <file href="4.jpg"/>
    <file href="3Thumbnail.png"/>
    <file href="1.jpeg"/>
    <file href="2Thumbnail.png"/>
    <file href="3.jpg"/>
    <file href="1Thumbnail.png"/>
    <file href="5.jpg"/>
    <file href="5Thumbnail.png"/>
    <file href="exe_lightbox.css"/>
    <file href="exe_lightbox.js"/>
    <file href="exe_lightbox_default_thumb.png"/>
    <file href="exe_lightbox_loader.gif"/>
    <file href="exe_lightbox_sprite.png"/>
    <file href="exe_lightbox_sprite_next.png"/>
    <file href="exe_lightbox_sprite_prev.png"/>
    <file href="exe_lightbox_sprite_x.png"/>
    <file href="exe_lightbox_sprite_y.png"/>
    <dependency identifierref="COMMON_FILES"/>
  </resource>
  <resource identifier="RES-eXeus_de_Milo5e39303625639781dfd" type="webcontent" adlcp:scormType="sco" href="cuestionario.html"> 
    <file href="cuestionario.html"/> 
    <file href="exe_html5.js"/>
    <file href="common.js"/>
    <dependency identifierref="COMMON_FILES"/>
  </resource>
  <resource identifier="COMMON_FILES" type="webcontent" adlcp:scormType="asset">
    <file href="config.xml"/>
    <file href="content.css"/>
    <file href="icon_activity.png"/>
    <file href="icon_agreement.png"/>
    <file href="icon_alert.png"/>
    <file href="icon_arts.png"/>
    <file href="icon_ask.png"/>
    <file href="icon_book.png"/>
    <file href="icon_calculate.png"/>
    <file href="icon_case.png"/>
    <file href="icon_collaborative.png"/>
    <file href="icon_competencies.png"/>
    <file href="icon_diary.png"/>
    <file href="icon_discuss.png"/>
    <file href="icon_download.png"/>
    <file href="icon_draw.png"/>
    <file href="icon_english.png"/>
    <file href="icon_experiment.png"/>
    <file href="icon_explore.png"/>
    <file href="icon_file.png"/>
    <file href="icon_gallery.png"/>
    <file href="icon_geography.png"/>
    <file href="icon_history.png"/>
    <file href="icon_info.png"/>
    <file href="icon_interactive.png"/>
    <file href="icon_letters.png"/>
    <file href="icon_listen.png"/>
    <file href="icon_math.png"/>
    <file href="icon_music.png"/>
    <file href="icon_nature.png"/>
    <file href="icon_objectives.png"/>
    <file href="icon_observe.png"/>
    <file href="icon_perform.png"/>
    <file href="icon_piece.png"/>
    <file href="icon_pieces.png"/>
    <file href="icon_play.png"/>
    <file href="icon_present.png"/>
    <file href="icon_reflection.png"/>
    <file href="icon_share.png"/>
    <file href="icon_sport.png"/>
    <file href="icon_start.png"/>
    <file href="icon_technology.png"/>
    <file href="icon_think.png"/>
    <file href="icon_video.png"/>
    <file href="nav.css"/>
    <file href="quicksand-regular-latin-ext.woff2"/>
    <file href="quicksand-regular-latin.woff2"/>
    <file href="quicksand-regular-vietnamese.woff2"/>
    <file href="_cedec_external_link.png"/>
    <file href="_cedec_icons.png"/>
    <file href="_cedec_icon_alert.png"/>
    <file href="_cedec_icon_danger.png"/>
    <file href="_cedec_icon_info.png"/>
    <file href="_cedec_icon_success.png"/>
    <file href="_cedec_icon_warning.png"/>
    <file href="_cedec_js.js"/>
    <file href="_cedec_left_column.gif"/>
    <file href="_cedec_licenses.gif"/>
    <file href="_cedec_loading.gif"/>
    <file href="_cedec_menu.gif"/>
    <file href="_cedec_pbl_duration.png"/>
    <file href="_cedec_pbl_participants.png"/>
    <file href="_cedec_print.gif"/>
    <file href="base.css"/>
    <file href="popup_bg.gif"/>
    <file href="SCORM_API_wrapper.js"/>
    <file href="SCOFunctions.js"/>
    <file href="common.js"/>
    <file href="common_i18n.js"/>
    <file href="exe_jquery.js"/>
  </resource>
</resources>
</manifest>
